Incidencia,Virulencia,P-hosp,Letalidad,Acumulado hosp,sDist,N decesos infeccion,N decesos hosp,Acumulado defunciones,atpi,Escenario
0.345662757,0.186915616,0.079291214,0.034177362,5674,1976194036,763,414,1177,13979028,NvProp Muy Alto
0.349165559,0.183824393,0.077650984,0.033190515,5539,1977327825,725,406,1131,13506194,NvProp Muy Alto
0.345474779,0.189152741,0.08028577,0.032014072,5765,1987557951,687,405,1092,12880123,NvProp Muy Alto
0.346643402,0.182749835,0.077770729,0.032576647,5639,1980234041,745,393,1138,13534679,NvProp Muy Alto
0.34339294,0.185833837,0.080596849,0.030943548,5785,1986763877,677,399,1076,13112181,NvProp Muy Alto
0.348909824,0.189039981,0.079957312,0.033385635,5769,1980906737,737,412,1149,13768951,NvProp Muy Alto
0.347934949,0.189591837,0.080685689,0.031253644,5780,1985508966,723,349,1072,13102954,NvProp Muy Alto
0.346574041,0.187373782,0.079812141,0.032224076,5676,1981418761,726,375,1101,13269700,NvProp Muy Alto
0.343765015,0.193042052,0.082913409,0.032183437,5907,1987795871,685,414,1099,13330121,NvProp Muy Alto
0.346555334,0.191259371,0.081174487,0.03402685,5825,1981500081,757,414,1171,14006220,NvProp Muy Alto
0.348048009,0.188480917,0.079837243,0.033908612,5749,1979919585,760,411,1171,13959304,NvProp Muy Alto
0.34834748,0.186988342,0.078983223,0.032225404,5739,1981704421,725,389,1114,13565077,NvProp Muy Alto
0.347466611,0.18649686,0.078562914,0.032333101,5668,1981420221,746,366,1112,13499827,NvProp Muy Alto
0.347701262,0.187532862,0.079754256,0.033592335,5673,1979384010,747,403,1150,13696860,NvProp Muy Alto
0.347887072,0.187261293,0.080183529,0.033081584,5802,1986326979,719,433,1152,13725590,NvProp Muy Alto
0.347396685,0.190054318,0.081058426,0.033694484,5802,1984687764,741,419,1160,13825785,NvProp Muy Alto
0.345243481,0.188097922,0.080522216,0.032313073,5810,1984478215,698,420,1118,13508420,NvProp Muy Alto
0.345229414,0.188031923,0.079803466,0.032658951,5701,1984914094,684,425,1109,13151575,NvProp Muy Alto
0.345580305,0.186976717,0.079223838,0.033075944,5618,1982416717,702,416,1118,13296434,NvProp Muy Alto
0.34878855,0.183035192,0.077445843,0.031801707,5527,1981577950,735,353,1088,13012050,NvProp Muy Alto
0.347869486,0.188015746,0.079766131,0.032366234,5730,1986302476,718,392,1110,13238160,NvProp Muy Alto
0.346627318,0.186574101,0.079796881,0.031662116,5720,1985124126,703,387,1090,13029584,NvProp Muy Alto
0.345383017,0.188624827,0.080362471,0.03377365,5791,1981482187,749,422,1171,13848945,NvProp Muy Alto
0.347768926,0.191537458,0.082431168,0.032980727,5901,1984293373,708,430,1138,14033992,NvProp Muy Alto
0.347048518,0.187332198,0.079821441,0.032824273,5722,1982718947,767,370,1137,13691824,NvProp Muy Alto
0.345043181,0.186575147,0.078788909,0.032715279,5561,1983450099,718,383,1101,12949580,NvProp Muy Alto
0.345661072,0.187898275,0.078763209,0.033674364,5650,1979236866,778,374,1152,13900722,NvProp Muy Alto
0.348544825,0.186640242,0.077907074,0.03357426,5597,1980030811,807,345,1152,13922510,NvProp Muy Alto
0.347672916,0.186232115,0.078799928,0.032765476,5668,1981929229,749,380,1129,13681987,NvProp Muy Alto
0.348462758,0.189034771,0.080554009,0.032982254,5787,1983187491,764,379,1143,13598433,NvProp Muy Alto
0.348740989,0.187771169,0.080106587,0.033675258,5772,1981029375,763,409,1172,14151993,NvProp Muy Alto
0.350263387,0.185464528,0.078591946,0.032596446,5691,1982358553,727,401,1128,13323668,NvProp Muy Alto
0.345662577,0.186949108,0.079876983,0.033060717,5714,1980313290,755,389,1144,13976245,NvProp Muy Alto
0.349089143,0.189732917,0.080859959,0.031766678,5841,1986670519,723,376,1099,13172154,NvProp Muy Alto
0.345026989,0.187860766,0.080823399,0.03154335,5756,1986941123,688,394,1082,13054726,NvProp Muy Alto
0.349863508,0.186352314,0.07866663,0.033684759,5678,1979585031,756,407,1163,14062912,NvProp Muy Alto
0.346632882,0.189748645,0.080948122,0.033890934,5792,1977722285,753,416,1169,14224375,NvProp Muy Alto
0.344671689,0.188412142,0.080755748,0.033625219,5736,1980727804,719,433,1152,13546686,NvProp Muy Alto
0.34804372,0.187667715,0.079226666,0.033701705,5733,1977440631,771,397,1168,14384255,NvProp Muy Alto
0.348909596,0.195050606,0.082597765,0.034341543,5914,1983158807,754,420,1174,13857222,NvProp Muy Alto
0.345572583,0.189245688,0.080099813,0.032547471,5778,1983453166,740,381,1121,13688945,NvProp Muy Alto
0.346689802,0.186538968,0.078981869,0.031543801,5663,1983462157,706,371,1077,13163087,NvProp Muy Alto
0.348581746,0.186913444,0.079486285,0.032948833,5694,1981814138,739,395,1134,13803764,NvProp Muy Alto
0.349331228,0.184420037,0.078156201,0.033153185,5597,1979688861,750,391,1141,13893294,NvProp Muy Alto
0.346015484,0.186817678,0.079649497,0.033510421,5672,1980331704,728,420,1148,13561422,NvProp Muy Alto
0.347640257,0.184845435,0.079030104,0.032667146,5681,1981209862,747,389,1136,13421801,NvProp Muy Alto
0.349235269,0.185173429,0.0785822,0.032810065,5680,1979859580,737,400,1137,13695473,NvProp Muy Alto
0.348348846,0.186603565,0.079634683,0.031618373,5720,1985490157,707,382,1089,13062506,NvProp Muy Alto
0.345924473,0.186020656,0.078761482,0.032768659,5642,1982763504,716,404,1120,13362491,NvProp Muy Alto
0.345513418,0.190602733,0.080876088,0.033728536,5790,1984017754,737,418,1155,13353320,NvProp Muy Alto
0.34836894,0.185269662,0.078787126,0.03152789,5706,1983117756,711,381,1092,13159185,NvProp Muy Alto
0.34663562,0.187709823,0.080165764,0.032754342,5726,1982894501,704,418,1122,13495430,NvProp Muy Alto
0.348191919,0.189405723,0.080455094,0.03269259,5735,1984822233,719,395,1114,13296615,NvProp Muy Alto
0.343911249,0.189732671,0.079869956,0.033859711,5675,1981265324,741,404,1145,13706927,NvProp Muy Alto
0.347044102,0.188329758,0.079884169,0.034059946,5738,1981616136,759,416,1175,14013842,NvProp Muy Alto
0.347895923,0.18705558,0.078718814,0.033463938,5692,1978662886,753,400,1153,13994864,NvProp Muy Alto
0.349344828,0.187800446,0.079342157,0.033855083,5659,1979507034,748,407,1155,13769866,NvProp Muy Alto
0.344864363,0.184588222,0.079279652,0.031182367,5745,1986741155,737,358,1095,13101556,NvProp Muy Alto
0.347350162,0.190480417,0.080685323,0.033457579,5703,1985218711,736,395,1131,13335020,NvProp Muy Alto
0.347443922,0.186951066,0.079823764,0.031630241,5707,1984936202,700,384,1084,12884934,NvProp Muy Alto
0.345015243,0.187561384,0.079912827,0.032844185,5757,1982071074,736,401,1137,13579295,NvProp Muy Alto
0.343692144,0.188320867,0.079731984,0.033335297,5688,1979480288,707,425,1132,13609744,NvProp Muy Alto
0.346116328,0.187358392,0.079785306,0.033056411,5723,1982791193,727,411,1138,13359549,NvProp Muy Alto
0.348902892,0.187189831,0.079965582,0.031749717,5762,1982781712,688,406,1094,13376935,NvProp Muy Alto
0.348437962,0.189745977,0.079614093,0.03375331,5760,1976779700,761,399,1160,14158506,NvProp Muy Alto
0.345843471,0.187111163,0.07942628,0.032486207,5665,1982862193,711,396,1107,13046899,NvProp Muy Alto
0.345473783,0.18881676,0.079792658,0.034552965,5634,1978985903,765,406,1171,13863314,NvProp Muy Alto
0.348244929,0.19029423,0.080251241,0.033802651,5724,1984190731,750,400,1150,13565361,NvProp Muy Alto
0.343462081,0.186474753,0.07957243,0.033099269,5665,1985816287,735,401,1136,13249415,NvProp Muy Alto
0.345692154,0.185953688,0.078727157,0.03383911,5579,1980670499,757,396,1153,13533803,NvProp Muy Alto
0.346398155,0.189065715,0.080491311,0.032917826,5544,1826252668,705,383,1088,44503359,NvProp Alto
0.350754376,0.186111613,0.078815254,0.033953404,5479,1819637576,704,424,1128,44980913,NvProp Alto
0.343221361,0.18869936,0.079520982,0.034115139,5465,1823910880,730,390,1120,44087520,NvProp Alto
0.346754456,0.187581998,0.079914804,0.032646834,5478,1824963833,670,400,1070,44694149,NvProp Alto
0.348934637,0.182328738,0.075983679,0.033786828,5326,1821058345,745,380,1125,44104819,NvProp Alto
0.343900106,0.188196025,0.079115629,0.034198149,5432,1827119210,770,357,1127,44418683,NvProp Alto
0.346992908,0.188252361,0.079245779,0.03191555,5430,1828858240,669,365,1034,44186054,NvProp Alto
0.351329138,0.188261418,0.079842428,0.031987037,5594,1828514594,680,386,1066,43888144,NvProp Alto
0.348961437,0.188556209,0.079242575,0.033431301,5411,1823615046,748,344,1092,45028641,NvProp Alto
0.347173081,0.186242799,0.079003026,0.032282907,5379,1825109356,667,381,1048,43775039,NvProp Alto
0.347887395,0.186482382,0.078365406,0.033657351,5404,1822311854,735,373,1108,44592136,NvProp Alto
0.348822571,0.186828854,0.079148037,0.032852029,5470,1823138039,689,394,1083,44748776,NvProp Alto
0.348809687,0.182854175,0.07740104,0.030857597,5344,1822045127,641,369,1010,44269788,NvProp Alto
0.347313973,0.186043711,0.078414489,0.033204889,5464,1828648132,716,387,1103,43425551,NvProp Alto
0.348929712,0.186433979,0.078388385,0.033322185,5399,1818208330,733,363,1096,45219114,NvProp Alto
0.349708916,0.188646474,0.079889647,0.032878298,5502,1823337732,689,390,1079,44515898,NvProp Alto
0.344340776,0.186128454,0.078661765,0.032793472,5349,1824858043,673,388,1061,44179324,NvProp Alto
0.347407932,0.186616343,0.079180573,0.032949916,5504,1824893254,726,374,1100,43918487,NvProp Alto
0.346597722,0.190020422,0.080256682,0.032950285,5528,1828236564,706,375,1081,43930704,NvProp Alto
0.348083342,0.186606307,0.077851637,0.033250078,5282,1824649163,695,370,1065,43876351,NvProp Alto
0.349394074,0.188234231,0.07900619,0.033164648,5514,1828198453,735,366,1101,43815392,NvProp Alto
0.350142899,0.18426501,0.078019677,0.03252618,5440,1828117019,701,383,1084,43624607,NvProp Alto
0.344229312,0.183662077,0.077267952,0.032378117,5222,1822272968,700,344,1044,44112785,NvProp Alto
0.346154236,0.18693335,0.078520829,0.033815241,5387,1820500188,716,388,1104,44653819,NvProp Alto
0.348084521,0.18667926,0.07907851,0.031869839,5427,1821498062,700,346,1046,44845721,NvProp Alto
0.348707201,0.187507551,0.079523693,0.032771536,5523,1826576667,685,400,1085,43811579,NvProp Alto
0.346327851,0.188638282,0.079910843,0.033560487,5557,1824935800,699,414,1113,44086000,NvProp Alto
0.347102057,0.184279101,0.077750255,0.032588369,5336,1820565231,675,388,1063,44467479,NvProp Alto
0.347979124,0.18810098,0.079254719,0.032143838,5483,1828819940,679,374,1053,43951704,NvProp Alto
0.345801415,0.186980907,0.078563868,0.0329768,5418,1824917089,683,393,1076,44298825,NvProp Alto
0.346915909,0.187266373,0.078170641,0.035526516,5379,1817228116,783,386,1169,45189201,NvProp Alto
0.346338235,0.186423629,0.07841402,0.032980766,5405,1821882686,711,371,1082,44488259,NvProp Alto
0.347063083,0.185640932,0.078774427,0.032358035,5430,1821726433,680,385,1065,44711149,NvProp Alto
0.346213379,0.187984674,0.07935045,0.032704981,5424,1823577917,709,358,1067,44700059,NvProp Alto
0.345102182,0.186913029,0.078799854,0.033619872,5384,1818148792,726,373,1099,44895344,NvProp Alto
0.347449812,0.186059209,0.078845457,0.032486047,5436,1821701548,698,373,1071,44877919,NvProp Alto
0.348158701,0.185267585,0.077862441,0.032335731,5375,1826072617,704,357,1061,43921689,NvProp Alto
0.347877891,0.184802487,0.078238935,0.031516703,5397,1823837521,666,368,1034,44272210,NvProp Alto
0.346968985,0.185643182,0.078593482,0.030883853,5371,1828545693,634,365,999,43654287,NvProp Alto
0.349760069,0.183846015,0.077288601,0.034118846,5400,1822411274,732,406,1138,44344657,NvProp Alto
0.346180873,0.190447272,0.080747414,0.035223029,5566,1819083993,706,454,1160,45012871,NvProp Alto
0.345992076,0.188044375,0.079231623,0.034259344,5428,1820619723,725,396,1121,44792986,NvProp Alto
0.35035419,0.191464856,0.080869994,0.034825569,5581,1820697394,736,413,1149,44977074,NvProp Alto
0.346182774,0.184329301,0.077652279,0.033279172,5390,1824055452,736,370,1106,43719610,NvProp Alto
0.345362079,0.184589072,0.077824818,0.033594967,5331,1818818380,713,387,1100,44758436,NvProp Alto
0.345445142,0.18855188,0.079893747,0.033201992,5474,1821423351,699,388,1087,44783836,NvProp Alto
0.34770339,0.186645888,0.079594186,0.031946775,5531,1828572983,697,369,1066,44166355,NvProp Alto
0.35014779,0.189557841,0.080223935,0.033962955,5517,1822496188,695,418,1113,44736586,NvProp Alto
0.345990356,0.186987193,0.078862445,0.033031578,5474,1828293470,702,389,1091,43590412,NvProp Alto
0.348447816,0.189819886,0.079697768,0.033558476,5506,1829288817,733,370,1103,43962102,NvProp Alto
0.345076459,0.190049291,0.080048523,0.03314849,5477,1827746461,692,384,1076,44257660,NvProp Alto
0.345140214,0.187420288,0.07826369,0.033626777,5308,1821144505,717,364,1081,44289918,NvProp Alto
0.351135823,0.185643338,0.077718556,0.034276835,5366,1820209729,727,398,1125,45085830,NvProp Alto
0.348665899,0.188526325,0.079707421,0.033991593,5514,1820766103,720,404,1124,45278071,NvProp Alto
0.349261788,0.185738842,0.078106095,0.033519553,5358,1819863267,693,399,1092,44692612,NvProp Alto
0.348128112,0.186373293,0.078322648,0.033717754,5424,1823145582,717,394,1111,44319932,NvProp Alto
0.348126833,0.190691328,0.080647499,0.034293511,5565,1823611528,724,407,1131,44674662,NvProp Alto
0.346919908,0.186873486,0.079047009,0.031911959,5428,1827362222,668,373,1041,43853079,NvProp Alto
0.347798383,0.186922203,0.078291037,0.033446973,5371,1819362326,715,374,1089,44966837,NvProp Alto
0.345665295,0.18658027,0.079516392,0.032277599,5472,1825359168,690,376,1066,44315318,NvProp Alto
0.345327379,0.185571385,0.078971132,0.03255532,5422,1823798326,700,374,1074,44712317,NvProp Alto
0.344638857,0.184449231,0.077602097,0.032096593,5389,1825274803,691,367,1058,43413816,NvProp Alto
0.349723604,0.190723371,0.081415722,0.034058829,5576,1823868023,707,415,1122,44749036,NvProp Alto
0.348766649,0.185403267,0.078002423,0.033366549,5409,1822058885,731,374,1105,44742658,NvProp Alto
0.347037675,0.19229599,0.081341032,0.033834358,5607,1825864944,713,399,1112,44305921,NvProp Alto
0.343925707,0.189387205,0.080580507,0.032678336,5508,1826506043,670,396,1066,44284309,NvProp Alto
0.3448609,0.190067969,0.079854783,0.034872329,5477,1821522965,731,408,1139,44750465,NvProp Alto
0.348498528,0.190646931,0.080346161,0.033373173,5487,1823512853,734,355,1089,44994450,NvProp Alto
0.343324168,0.191934739,0.081262948,0.033646298,5531,1822449460,704,389,1093,44775821,NvProp Alto
0.345125678,0.187891633,0.079189633,0.032589999,5402,1821060958,715,346,1061,44513733,NvProp Alto
0.344754805,0.189220735,0.078468217,0.033779609,4844,1973259953,668,316,984,12430221,NvProp Intermedio
0.344313452,0.187799165,0.078678861,0.031605391,4912,1973443379,620,311,931,12541088,NvProp Intermedio
0.34650049,0.188372251,0.078532853,0.034209272,4886,1970150322,648,357,1005,12927932,NvProp Intermedio
0.345003738,0.193928236,0.07995365,0.036090173,4899,1966701780,684,355,1039,13610854,NvProp Intermedio
0.343135075,0.189254348,0.078096558,0.034234545,4848,1970349703,647,347,994,12738536,NvProp Intermedio
0.345732113,0.190111325,0.07817799,0.034084662,4864,1968469661,669,323,992,12959263,NvProp Intermedio
0.341186606,0.187913451,0.078453289,0.03286935,4843,1971382734,611,343,954,12835255,NvProp Intermedio
0.340235015,0.189931192,0.078989121,0.032536911,4879,1974142658,614,327,941,12327090,NvProp Intermedio
0.343964011,0.185636157,0.077512749,0.032022839,4803,1974293196,594,337,931,12195889,NvProp Intermedio
0.345977612,0.192478104,0.079332751,0.035170874,4908,1967563385,696,328,1024,13253664,NvProp Intermedio
0.343483248,0.187077589,0.078478951,0.032812922,4916,1972090573,620,351,971,12661861,NvProp Intermedio
0.344612178,0.188776386,0.077667873,0.034494594,4829,1972543028,671,334,1005,12900142,NvProp Intermedio
0.345983843,0.188558893,0.078248913,0.034019575,4894,1972158462,693,315,1008,13189900,NvProp Intermedio
0.341644989,0.183608396,0.075508735,0.033252742,4616,1971571450,624,325,949,12132606,NvProp Intermedio
0.343331839,0.190005529,0.078599146,0.033764169,4841,1973299464,657,320,977,12838276,NvProp Intermedio
0.344675086,0.189620893,0.07932421,0.032754844,4991,1976949691,636,336,972,12706458,NvProp Intermedio
0.343429886,0.191887514,0.079284467,0.034703794,4902,1969355675,666,341,1007,13306398,NvProp Intermedio
0.345362842,0.188710108,0.079345428,0.033482441,4999,1971429533,654,349,1003,13212045,NvProp Intermedio
0.341768385,0.191428271,0.078610036,0.035750551,4814,1969158784,653,368,1021,13224834,NvProp Intermedio
0.341691813,0.189235029,0.07852063,0.033748702,4847,1970402285,620,355,975,12647396,NvProp Intermedio
0.343372607,0.190429517,0.079304913,0.032555046,4833,1972397706,607,323,930,11934021,NvProp Intermedio
0.342878227,0.191284878,0.08000389,0.033827075,4936,1970805440,617,365,982,12693412,NvProp Intermedio
0.345352751,0.187769809,0.078053466,0.03195214,4876,1976460950,648,292,940,12248820,NvProp Intermedio
0.343838601,0.189624392,0.07786637,0.034375328,4756,1971861746,661,321,982,12401022,NvProp Intermedio
0.343020004,0.1875,0.078026949,0.033254978,4812,1971638689,612,350,962,12371834,NvProp Intermedio
0.342063399,0.192925161,0.080654322,0.033758465,4970,1974229760,642,340,982,12901899,NvProp Intermedio
0.344853929,0.192164693,0.079347459,0.03318645,4932,1975187777,650,314,964,12522965,NvProp Intermedio
0.340648583,0.187594077,0.077228337,0.033955263,4729,1972915693,630,340,970,12079665,NvProp Intermedio
0.340781528,0.190456345,0.078990001,0.034382163,4827,1969247945,657,333,990,13353028,NvProp Intermedio
0.343882965,0.194380774,0.080656755,0.035146211,4937,1972267944,660,352,1012,12931676,NvProp Intermedio
0.343547414,0.188400381,0.078314508,0.03452025,4888,1971883688,657,359,1016,12950551,NvProp Intermedio
0.343973787,0.188024279,0.07827282,0.032087567,4898,1974193522,616,325,941,12533018,NvProp Intermedio
0.343602001,0.190141328,0.079351797,0.032210483,4931,1975265691,612,327,939,12159576,NvProp Intermedio
0.341551303,0.189067458,0.078907925,0.033677961,4896,1971486321,645,342,987,13061274,NvProp Intermedio
0.344369416,0.189639764,0.079531502,0.032276915,4923,1974456117,594,345,939,12343514,NvProp Intermedio
0.342485663,0.188593313,0.078609234,0.034882517,4827,1968770258,639,372,1011,12978882,NvProp Intermedio
0.344760511,0.190444638,0.079221204,0.03299041,4842,1975860582,619,327,946,12037784,NvProp Intermedio
0.342407378,0.194367579,0.081008425,0.033206067,4942,1977013271,607,341,948,12578204,NvProp Intermedio
0.345065116,0.191123468,0.078883437,0.034462637,4903,1969417086,665,339,1004,12975908,NvProp Intermedio
0.344924451,0.19082381,0.079023935,0.034146341,4916,1972878279,678,323,1001,12986834,NvProp Intermedio
0.343384933,0.190306925,0.079167002,0.033666006,4923,1974931131,645,340,985,12951887,NvProp Intermedio
0.341677561,0.189739721,0.078985122,0.033915161,4900,1970418585,633,356,989,13085305,NvProp Intermedio
0.342153238,0.191419488,0.079055728,0.034797191,4819,1969160826,660,336,996,12883254,NvProp Intermedio
0.344757524,0.18861113,0.078722788,0.033682992,4889,1968895256,649,340,989,13136674,NvProp Intermedio
0.340690458,0.18641282,0.07747299,0.034276127,4790,1970989963,654,347,1001,12642173,NvProp Intermedio
0.34402277,0.183325341,0.076166046,0.033294513,4721,1968235297,631,341,972,12982802,NvProp Intermedio
0.347212816,0.187882683,0.078058166,0.03332093,4909,1972020203,645,340,985,12911263,NvProp Intermedio
0.339595929,0.188603559,0.077692751,0.033839613,4853,1974147378,648,339,987,12497088,NvProp Intermedio
0.344568197,0.189307983,0.079020176,0.03431122,4884,1971028839,672,335,1007,13113386,NvProp Intermedio
0.342609487,0.189601717,0.07951656,0.033491193,4941,1972155204,624,359,983,12961402,NvProp Intermedio
0.342266767,0.188595442,0.078480119,0.032730876,4893,1972893941,627,331,958,12968750,NvProp Intermedio
0.343331545,0.187298133,0.078431373,0.032740625,4896,1970715548,613,350,963,12653412,NvProp Intermedio
0.343970212,0.187634943,0.077439563,0.034785291,4821,1968362570,654,361,1015,13011229,NvProp Intermedio
0.341424128,0.188212208,0.078398706,0.033566289,4847,1970771038,620,355,975,12712089,NvProp Intermedio
0.340261816,0.188371302,0.078911762,0.033696022,4899,1972313402,641,350,991,12774547,NvProp Intermedio
0.342496868,0.185265253,0.077367187,0.031878389,4784,1972796807,615,314,929,12163965,NvProp Intermedio
0.341676657,0.19324636,0.080629717,0.033837045,4968,1975653408,646,337,983,12803542,NvProp Intermedio
0.345487145,0.191266437,0.078991209,0.033999016,4789,1975663815,651,316,967,12003795,NvProp Intermedio
0.342727085,0.186832127,0.077318671,0.033126508,4781,1972048210,639,322,961,12742113,NvProp Intermedio
0.342176015,0.190251845,0.078838781,0.033879516,4853,1973755939,639,339,978,12650091,NvProp Intermedio
0.342832924,0.18711635,0.077336567,0.034842355,4719,1969455892,646,353,999,12742637,NvProp Intermedio
0.345331352,0.187022508,0.077579079,0.033882627,4785,1969871671,674,315,989,12561078,NvProp Intermedio
0.341155707,0.186601229,0.07783061,0.033840135,4796,1974044984,641,345,986,12460807,NvProp Intermedio
0.344745736,0.192476963,0.079492811,0.034555082,4959,1971363561,639,366,1005,12841556,NvProp Intermedio
0.345097419,0.189890615,0.079083085,0.032501916,4861,1975452822,590,343,933,12004793,NvProp Intermedio
0.343360875,0.190154905,0.078327217,0.033975904,4866,1973341297,658,329,987,12756521,NvProp Intermedio
0.343099665,0.188379919,0.0780061,0.034097933,4859,1969052945,627,366,993,12840064,NvProp Intermedio
0.34287166,0.190256499,0.07886512,0.034360475,4870,1971472501,656,342,998,12926556,NvProp Intermedio
0.344779624,0.189287909,0.078371869,0.03324913,4881,1971414597,664,310,974,13055678,NvProp Intermedio
0.344615055,0.187001376,0.077475103,0.034938102,4761,1967703507,677,339,1016,12877684,NvProp Intermedio
0.341261152,0.19500966,0.079855015,0.033337444,4230,1843012569,514,297,811,44653877,NvProp Bajo
0.341000456,0.188219178,0.077491516,0.032328767,4247,1843496047,562,264,826,45670188,NvProp Bajo
0.34222225,0.187544968,0.076717283,0.033815653,4158,1838917247,534,312,846,45569401,NvProp Bajo
0.339888003,0.191399524,0.077267151,0.03591047,4094,1839038878,575,301,876,45438636,NvProp Bajo
0.341877106,0.190854555,0.077858166,0.033451194,4240,1842745950,564,278,842,45625564,NvProp Bajo
0.342879568,0.188759025,0.077361564,0.033946308,4180,1844960341,552,299,851,44835806,NvProp Bajo
0.341668787,0.192041732,0.077783332,0.033685147,4201,1839305588,548,285,833,45885079,NvProp Bajo
0.34171546,0.185813573,0.075311918,0.032992641,4002,1843877695,543,264,807,44375595,NvProp Bajo
0.345463686,0.190064181,0.076112999,0.033471444,4098,1843777434,581,243,824,45335357,NvProp Bajo
0.342508936,0.196273743,0.079708127,0.034963907,4293,1839432902,574,293,867,45787077,NvProp Bajo
0.342074551,0.191366193,0.076502425,0.036718492,4085,1838614382,543,345,888,45235841,NvProp Bajo
0.343008625,0.189071742,0.077563305,0.031505251,4175,1847865977,524,259,783,44469804,NvProp Bajo
0.33969286,0.188443031,0.076178059,0.033602479,4090,1842960546,531,293,824,45045990,NvProp Bajo
0.342971582,0.188784894,0.076728925,0.033800629,4104,1839481151,515,312,827,45449686,NvProp Bajo
0.342832794,0.18972,0.076235998,0.03572,4131,1837453565,612,281,893,45791357,NvProp Bajo
0.342117137,0.188594154,0.07665786,0.032880981,4091,1842542266,509,293,802,44706912,NvProp Bajo
0.343425358,0.191260114,0.077773893,0.03348554,4226,1843814177,549,287,836,45134194,NvProp Bajo
0.342093365,0.187425054,0.076873254,0.033975538,4154,1838184155,535,315,850,45651356,NvProp Bajo
0.342021028,0.187487238,0.075189373,0.034344754,4030,1841353853,561,280,841,45107312,NvProp Bajo
0.342697483,0.191182942,0.077190274,0.036004321,4200,1836306848,579,321,900,46444852,NvProp Bajo
0.343782014,0.189018407,0.07742227,0.032144119,4283,1840308214,533,286,819,45665979,NvProp Bajo
0.339836444,0.189600797,0.076484794,0.034276703,4054,1842711028,515,311,826,44701593,NvProp Bajo
0.338662348,0.188887082,0.077766793,0.031216974,4169,1843710313,478,290,768,44850689,NvProp Bajo
0.341698298,0.191483113,0.077069857,0.033941682,4039,1848132615,525,284,809,43425774,NvProp Bajo
0.343956278,0.184469574,0.0746043,0.032866905,3997,1842057246,538,270,808,44754953,NvProp Bajo
0.344308775,0.190528393,0.07610256,0.033896075,3817,1851766876,528,245,773,41964971,NvProp Bajo
0.344792517,0.191119769,0.07796186,0.034376395,4174,1840883176,535,312,847,45231315,NvProp Bajo
0.346626162,0.190421893,0.075867292,0.034492588,4107,1840174925,569,278,847,45364124,NvProp Bajo
0.340964414,0.1884642,0.075921787,0.035820409,4042,1842893680,588,292,880,44603297,NvProp Bajo
0.341341259,0.190564516,0.077506303,0.034354839,4181,1837401972,545,307,852,45983858,NvProp Bajo
0.344187925,0.190651171,0.076739075,0.034224919,3946,1849336489,516,285,801,42710724,NvProp Bajo
0.343052655,0.188476999,0.075773388,0.034309148,4066,1845167992,576,269,845,44458349,NvProp Bajo
0.342972048,0.189149679,0.076923077,0.03378543,4130,1840539069,528,304,832,45189119,NvProp Bajo
0.33948983,0.192982456,0.078581608,0.035487352,4246,1838504148,583,305,888,45657820,NvProp Bajo
0.347195614,0.189932335,0.077964511,0.032893965,4319,1839829709,537,304,841,45564388,NvProp Bajo
0.343096288,0.184041602,0.074869985,0.032704965,4031,1843347025,499,306,805,44643069,NvProp Bajo
0.344577102,0.189635286,0.078108376,0.033886171,4258,1840795454,510,342,852,45268134,NvProp Bajo
0.344709876,0.186073286,0.076026068,0.033030291,4153,1837749996,534,298,832,45601571,NvProp Bajo
0.342848049,0.186492863,0.076270873,0.032508297,4129,1841681027,535,278,813,44972815,NvProp Bajo
0.343638752,0.188486089,0.076010504,0.034365089,4139,1836756929,556,300,856,46286488,NvProp Bajo
0.345329567,0.18887573,0.076491215,0.034099726,4101,1843939213,524,311,835,44158748,NvProp Bajo
0.339000419,0.187032522,0.075762731,0.033844374,4008,1840504684,518,301,819,44674426,NvProp Bajo
0.343218054,0.184782166,0.074599926,0.032318539,4009,1837742364,525,268,793,45303264,NvProp Bajo
0.344586958,0.189649643,0.077089522,0.031748577,4204,1841463980,527,265,792,45280398,NvProp Bajo
0.347089365,0.183721581,0.074350941,0.033443881,4058,1843291991,540,297,837,44721696,NvProp Bajo
0.342806759,0.187580802,0.075813953,0.034704266,4075,1842596789,568,291,859,44635704,NvProp Bajo
0.342637163,0.18715825,0.075791268,0.034536829,4090,1838956171,565,294,859,45115372,NvProp Bajo
0.341290658,0.190964753,0.076854672,0.034668211,4062,1837453936,554,284,838,45436007,NvProp Bajo
0.345803403,0.186804833,0.075432539,0.034008162,4107,1838120834,562,288,850,45753423,NvProp Bajo
0.34423943,0.19219826,0.078235006,0.033400685,4156,1846837308,505,305,810,44297929,NvProp Bajo
0.338974487,0.188946332,0.076542098,0.034055473,4080,1843314441,525,305,830,44748192,NvProp Bajo
0.343998568,0.192163502,0.077518807,0.035312613,4194,1838214796,573,303,876,45581802,NvProp Bajo
0.342304591,0.187289089,0.075968735,0.035071509,4121,1839213220,541,332,873,45389882,NvProp Bajo
0.343221898,0.19186849,0.077035824,0.035010666,4047,1843966275,540,297,837,44400106,NvProp Bajo
0.345812353,0.189858303,0.077288898,0.033672982,4193,1838774749,577,269,846,45754972,NvProp Bajo
0.343803751,0.190248256,0.077474892,0.033749797,4158,1843198240,532,300,832,44982489,NvProp Bajo
0.343921867,0.191832239,0.077633494,0.035086288,4161,1841152066,541,319,860,45529311,NvProp Bajo
0.340222514,0.189308125,0.077423711,0.031741504,4128,1846145443,518,261,779,44485895,NvProp Bajo
0.345817704,0.187747977,0.076474542,0.032137756,4210,1843589004,522,288,810,45403996,NvProp Bajo
0.343436733,0.19101169,0.077669184,0.033615145,4196,1843411541,526,305,831,45174938,NvProp Bajo
0.342449367,0.188899123,0.077514366,0.032918185,4195,1839381142,522,300,822,45453476,NvProp Bajo
0.345488304,0.18824998,0.07640726,0.032254168,4159,1840569597,516,285,801,44994209,NvProp Bajo
0.344436671,0.190229157,0.077310233,0.0327601,4132,1843833547,525,277,802,44507080,NvProp Bajo
0.343633535,0.190023056,0.077045441,0.032655628,4020,1847425170,513,266,779,43333860,NvProp Bajo
0.345463513,0.190191726,0.076991183,0.033138244,4174,1838487922,538,283,821,45364209,NvProp Bajo
0.344932133,0.187703436,0.07603403,0.03222825,4138,1842226402,533,269,802,45201832,NvProp Bajo
0.342875549,0.188359746,0.076893197,0.033504947,4157,1840003180,526,307,833,45281798,NvProp Bajo
0.342982709,0.192778384,0.078711886,0.033765499,4231,1842216292,542,294,836,45290274,NvProp Bajo
0.34393106,0.192053247,0.077976059,0.03356192,4221,1843898897,540,292,832,45106423,NvProp Bajo
0.342788988,0.187805673,0.075971864,0.033868601,4061,1841648858,547,284,831,44883026,NvProp Bajo
